PII,Class
K. Kummer,FN|LN
Ehrenberger,LN
Perchtner,LN
Ramón Cajal,FN|LN
I.,LN
Christian Schwach,FN|LN
Katharina Fabricius-Schätzle,FN|LN
Eberhard Ehrenberger,FN|LN
Clausthal,LN
Korsakoff,LN
"CHRIST, Charlotte",LN|FN
"GERODLSAUER, Gerli",LN|FN
Etienne de Quervain,FN|LN|LN
Siegfried Schuh,FN|LN
Daniel Jenninger,FN|LN
Klaus Michael Theodor,FN|FN|LN
Kristina Zipperling,FN|LN
"Fuss, Flora",LN|FN
Sabine Sudeck,FN|LN
Andrea Ilgner,FN|LN
Siewert,LN
Tupolev,LN
Ch. Janssen,FN|LN
Waldemar Waldenström,FN|LN
Harry Holderbach,FN|LN
Veronica Kugic,FN|LN
Jadassohn,LN
Jakob Jockel,FN|LN
Osler,LN
Klausner,LN
Albers,LN
Alma Hecht,FN|LN
Gerda Müller-Bartholomä,FN|LN
Blasenstein,LN
Heinz Hals,FN|LN
"FRITZLE, Fridolin",LN|FN
Helge Klabauter,FN|LN
Jacomini,LN
Elisabeth Bamberger,FN|LN
Albert Schnitzler,FN|LN
V.,LN
Theodor,LN
Leitner,LN
"Kawasaki, Mitsou",LN|FN
V. Jäger,FN|LN
Ana Lăcrămioara Isărescu,FN|FN|LN
Klabauter,LN
Klaus Bomelic,FN|LN
Claudia Dupuytren,FN|LN
Klaus Neubauer,FN|LN
Jonathan Darmstädter,FN|LN
Maria,FN
Euripedes Erler,FN|LN
V. Ceusters,FN|LN
Ida Wechsler,FN|LN
Iris Asperger,FN|LN
M. Boeck,FN|LN
Fleischmann,LN
Hauser,LN
Laurenz Prächtel,FN|LN
Knoblauch,LN
Beat Wankel,FN|LN
Haus Horst,LN|FN
Hendlbein,LN
Iselin,LN
Weigel,LN
Hans Wurst,FN|LN
A. Barthel,FN|LN
Erler,LN
Iris Klumpfuß,FN|LN
Mersiha Kasupovic-Braun,FN|LN
Konstantin Tupolev,FN|LN
Dhayana dos Santos Aveiro,FN|LN|LN|LN
Adalbert Schitzler,FN|LN
Hendlbein H.,LN|FN
C. Finger,FN|LN
Huber Karina,LN|FN
Katharina Korsakoff,FN|LN
Jürgen W. von Wetterstein,FN|FN|LN|LN
Ahmed Al-Tayi,FN|LN
Anna Alzheimer,FN|LN
Krauth,LN
M. Kienböck,FN|LN
Xenia Jadassohn,FN|LN
Notburga von Osler,FN|LN|LN
K. O. von Hausen,FN|FN|LN|LN
Gerhard Ypsilanti,FN|LN
Rosenzweig,LN
Manuela Beuerle,FN|LN
Helmfried Koenig,FN|LN
Karoline Jochum,FN|LN
Marijas,FN
Klaus Kortmann,FN|LN
Ayşe Behçet,FN|LN
Konstantin Lauterbach,FN|LN
Henderson,LN
V. Konoka,FN|LN
Marschollek,LN
Zitteraal,LN
Katharina Leitner,FN|LN
Luise Utz,FN|LN
Urs Mühlbacher,FN|LN
Kai Fleischmann,FN|LN
Neubauer,LN
Frank Knoblauch,FN|LN
Gebauer,LN
"Žeželj, Marija",LN|FN
Katharina Blumauer,FN|LN
Pierre JOUBERT,FN|LN
Gotthard Vogler,FN|LN
Inge Crohn,FN|LN
M. Messer,FN|LN
Dewald,LN
Mike Marschollek,FN|LN
Xavier,LN
Sudeck,LN
Beate Albers,FN|LN
Brigitte Stölzl,FN|LN
J. Klein,FN|LN
Bomelic,LN
Obradovic,LN
Johannes Langreiter,FN|LN
Jonathan Schwach,FN|LN
Wimmer,LN
M.,FN
Triebel,LN
Walther Fabry,FN|LN
Asger Baastrup,FN|LN
Jürgen Schneider,FN|LN
K. Stargardt,FN|LN
Schnitzler,LN
Matthias Metzger,FN|LN
Helmuth Leber,FN|LN
Meyr,LN
Finger,LN
Josefine Häfele,FN|LN
Leber Ronny,FN|LN
"Clausthal, Marie",LN|FN
Gerald Chrohn,FN|LN
Bernwart Schulze,FN|LN
Wurster,LN
Blau,LN
Jonathan Jörgensen,FN|LN
Burkhard zur Hausen,FN|LN|LN
de Beauharnais,LN|LN
K.,LN
B.,FN
Wiesler Franz,FN|LN
Mike Messer,FN|LN
Wang Qiang,FN|LN
Marija Obradovic,FN|LN
Hasso Hasselblatt,FN|LN
Léonard Xavier,FN|LN
J. Thiel,FN|LN
Jodok Jaffé-Lichtenstein,FN|LN
Vroni,FN
Frauke Weber,FN|LN
Franz-Josef Meyr,FN|LN
L. Kemmerling,FN|LN
Bruno Bierbichler,FN|LN
Henriette Heinzelmann,FN|LN
H. BLASENSTEIN,FN|LN
Stölzl,LN
Fleischer,LN
Janina Parkinson,FN|LN
M. Zezelj,FN|LN
Brunzli B.,LN|FN
Jan Biedermann,FN|LN
Hanns Wurst,FN|LN
Wieland,LN
Carlo  Weißenberger,FN|LN
Weber,LN
Willibald Vogler,FN|LN
Kindler,LN
Konstantin Tupolev,FN|LN
Boeck,LN
Amadea Leber,FN|LN
Renate Stutz,FN|LN
Andreas Queisser,FN|LN
Pinocchio Cwerg-Nase,FN|LN
W. Fleischmann,FN|LN
Irina Popovic,FN|LN
Jürgen Schneider,FN|LN
Frederic Meisenbacher,FN|LN
Vasyl Oleksandrovych Lavrynenko,FN|FN|LN
Prächtel,LN
Leber,LN
Iris Iselin,FN|LN
Hals,LN
Supanic,LN
Fabry,LN
Haefner,LN
Flora,LN
Alissa Rieser,FN|LN
Andreas Leiberger,FN|LN
Marija,FN
Wieland Wagner,FN|LN
Kornél Nagy,FN|LN
Tobias Öhler,FN|LN
Isabella Meulengracht,FN|LN
Horst Auenbrugger,FN|LN
Beatrice DE BEAUHARNAIS,FN|LN|LN
Schickedanz,LN
Udo Waldenström,FN|LN
Baastrup Asger,LN|FN
Gerlinde Schielaug,FN|LN
Antonia Zucker,FN|LN
Kurt Kapfner,FN|LN
Kevin Schlauberger,FN|LN
Steffen Schlauberger,FN|LN
Thorben Thorwald,FN|LN
László Kanyuk,FN|LN
W.,LN
Damaris,LN
Huberta Hotzenplotz,FN|LN
Ida Fuß,FN|LN
Geroldsauer,LN
Gottfried Stutz,FN|LN
"DAMARIS, Dyonisia",LN|FN
Evelyn Dewald,FN|LN
"Tupolev, Konstantin",LN|FN
Schönfeld,LN
L. Rombach,FN|LN
Herwig Leber,FN|LN
Renate Ermelova,FN|LN
Jonathan Lorenz,FN|LN
Yorgos Kokiniakis,FN|LN
"Haefner, Heinz",LN|FN
Holger M. Recklinghausen,FN|FN|LN
Pommerening,LN
Cornelia Müller,FN|LN
"Gebauer, Gerlinde",LN|FN
Rieser,LN
"Weil, Klementine",LN|FN
Elisabeth Wiedemann,FN|LN
Stephan Keil,FN|LN
Antonia Anderer,FN|LN